index,datetime_kst,timestamp,media_count,first_uri,caption_word_count,hashtag_count,hashtags,caption
1,2020-03-27 01:21:11,1585239671,4,media/posts/202003/17898842053445245.jpg,98,17,#münchnerknabenchor #workshop #martinlutherchurch #boyschoir #mkc #knabenchor #chor #choir #chorus #accapella #vocal #muenchnerknabenchor #소년합창단 #boysoprano #choral #canada🇨🇦 #konzert,"The German International School Toronto is happy that the #münchnerknabenchor has arrived in Canada safely ✈️ The choir will be our guest for the next week and we are more than happy about that 🎼! Their day started with a little #workshop with the GIST choir, followed by some soccer fun and a successful concert at @siemenscanada in Oakville ✨

Don't forget: Tomorrow, Friday, the choir invites you to their ""From Bach ... to Bond"" show at the #martinlutherchurch in Toronto 🤩 The concert starts at 7 PM.

#boyschoir #mkc #knabenchor #chor #choir #chorus #accapella #vocal #muenchnerknabenchor #소년합창단 #boysoprano #choral #canada🇨🇦 #konzert"
2,,,1,media/other/18134913652026540.jpg,0,0,,
3,,,1,media/other/17858109604820638.jpg,0,0,,
4,2020-03-20 07:05:08,1584655508,3,media/posts/202003/18004820446282202.mp4,41,13,#boyschoir #mkc #knabenchor #chor #domspatzen #chorus #accapella #muenchnerknabenchor #소년합창단 #boysoprano #choral #georgia #gregorianchant,"키리에 엘레이손,
한 달 전 공연이지만 몇 년만의 풀콘서트 영상이기에 계속 우려 먹을 예정. 영상끝에서 소리가 소거됐는데 이유는 인스타그램 서비스가 중국코로나 대처급인 듯(?), 슬라이드 하면 노래 계속 이어집니다!

#boyschoir #mkc #knabenchor #chor #domspatzen #chorus #accapella #muenchnerknabenchor #소년합창단 #boysoprano #choral #georgia #gregorianchant"
5,,,1,media/other/17865527596699993.jpg,0,0,,
6,,,1,media/other/17866528960676715.jpg,0,0,,
7,,,1,media/other/17844066329033617.jpg,0,0,,
8,,,1,media/other/17851418587894041.jpg,0,0,,
9,2020-03-05 00:23:28,1583335408,2,media/posts/202003/18130611292056431.jpg,19,14,#magic #flute #boyschoir #mkc #knabenchor #chor #domspatzen #chorus #accapella #muenchnerknabenchor #소년합창단 #boysoprano #choral #omantour,"Rehearsal at the hotel, The #Magic #Flute

#boyschoir #mkc #knabenchor #chor #domspatzen #chorus #accapella #muenchnerknabenchor #소년합창단 #boysoprano #choral #omantour"
10,,,1,media/other/17866515190659147.jpg,0,0,,
11,,,1,media/other/17864434120689213.jpg,0,0,,
12,,,1,media/other/17856841198805439.jpg,0,0,,
13,2020-02-27 02:12:56,1582737176,2,media/posts/202002/18131940478053694.mp4,39,13,#boyschoir #mkc #knabenchor #chor #domspatzen #chorus #accapella #muenchnerknabenchor #소년합창단 #boysoprano #chinatour #soloist #jaychou,"@nicolas01762019 sang solo.
Chrysanthemum Terrace【菊花台 】- @jaychou 
In 2018 chinese tour, at 北京音乐厅 beijing concert hall.

We visit Beijing and Shanghai once again!! in late May.

#boyschoir #mkc #knabenchor #chor #domspatzen #chorus #accapella #muenchnerknabenchor #소년합창단 #boysoprano #chinatour #soloist #jaychou"
14,2020-02-25 17:32:33,1582619553,2,media/posts/202002/17866763947637435.jpg,53,12,#boyschoir #mkc #knabenchor #chor #domspatzen #chorus #accapella #muenchnerknabenchor #소년합창단 #georgia #church #collaboration,"""The @georgiaboychoir presents the @muenchner__knabenchor (Munich Boys Choir) for an exclusive pop-up collaboration in the Chapel of Peachtree Road United Methodist Church (PRUMC).""
.
We've added more pictures of our great conductor to the story so go check it out.

#boyschoir #mkc #knabenchor #chor #domspatzen #chorus #accapella #muenchnerknabenchor #소년합창단 #georgia #church #collaboration"
15,,,1,media/other/17847377581899632.jpg,0,0,,
16,,,1,media/other/18093775903092472.jpg,0,0,,
17,,,1,media/other/17909764555253284.jpg,0,0,,
18,,,1,media/other/17982955669118486.jpg,0,0,,
19,,,1,media/other/17970510952187581.jpg,0,0,,
20,2018-10-29 12:53:55,1540785235,2,media/posts/201810/17876921278280206.jpg,7,0,,They're looking at something... Guess it!
21,2018-10-28 17:43:56,1540716236,5,media/posts/201810/17962897726155068.jpg,16,1,#halloween,"Another solos, In Beijing Concert Hall. Btw have a nice #halloween !
.
사진들 사이에 B컷이 숨어 있어요ㅋㅋ"
22,2018-10-22 14:23:30,1540185810,10,media/posts/201810/17991470005039048.jpg,15,0,,"In Beijing Concert Hall,
Some rehearsals and solo.
.
.
""가을에는 조화가 있고, 가을 하늘에는 광채가 있다."""
23,,,1,media/other/17982143656054898.jpg,0,0,,
24,2018-09-19 20:53:43,1537358023,2,media/posts/201809/17959687888082386.jpg,40,0,,"China, at the airport, one of the frequent destinations.
•
Each time we visit again, the size of choir also grows.
•
중국 공항에서 단체사진을 찍었어요(입국한 날). 날이 갈수록 공연을 위해 방문하는 단원들의 수가 늘어가네요. 에이전시의 도움이 컸다고 할 수 있겠어요!"
25,,,1,media/other/17978806282003209.jpg,0,0,,
26,,,1,media/other/17922770446175290.jpg,0,0,,
27,,,1,media/other/17928856471133381.jpg,0,0,,
28,,,1,media/other/17880465064234798.jpg,0,0,,
29,,,1,media/other/17924957995192997.jpg,0,0,,
30,,,1,media/other/17892253759203795.jpg,0,0,,
31,,,1,media/other/17936272825116390.jpg,0,0,,
32,,,1,media/other/17923791016143197.jpg,0,0,,
33,,,1,media/other/17919606361159569.jpg,0,0,,
34,,,1,media/other/17946746254014061.jpg,0,0,,
35,,,1,media/other/17927352052090791.jpg,0,0,,
36,,,1,media/other/17946465544045216.jpg,0,0,,
37,,,1,media/other/17872213393236347.jpg,0,0,,
38,,,1,media/other/17943963337054829.jpg,0,0,,
39,,,1,media/other/17942220952009740.jpg,0,0,,
40,,,1,media/other/17900249281195887.jpg,0,0,,
41,,,1,media/other/17940990226019669.jpg,0,0,,
42,,,1,media/other/17869364812229942.jpg,0,0,,
43,,,1,media/other/17941287517043905.jpg,0,0,,
44,,,1,media/other/17867434654231389.jpg,0,0,,
45,,,1,media/other/17939069251029163.jpg,0,0,,
46,,,1,media/other/17925703084101913.jpg,0,0,,
47,,,1,media/other/17877879157217119.jpg,0,0,,
48,,,1,media/other/17919799666088595.jpg,0,0,,
49,2018-04-16 14:19:59,1523855999,2,media/posts/201804/17919696664093732.jpg,39,0,,"Johann Sebastian Bach | Matthäus-Passion BWV 244
.
한 달!  연습한 바흐의 마태 수난곡으로 러시아와 스페인으로 투어를 떠났어요~ 뮌헨 필하모닉과 협연도요!

Solists:
Sibylla Rubens – soprano
Ingeborg Danz – alto
Mauro Peter – tenor
Samuel Hasselhorn – basso
Daniel Johannsen – evangelist
Thomas Laske – christus"
50,2018-04-15 14:39:13,1523770753,2,media/posts/201804/17879369620205341.jpg,48,0,,"An exciting weekend is behind us: At the Auditorio Nacional de Musica in Madrid, the MKC had the great honor to present their singing skills to the Spanish Queen Sophia. Afterwards we were allowed to receive the recognition of the high attendance at a small reception in person."
51,,,1,media/other/17908906786162150.jpg,0,0,,
52,,,1,media/other/17916827794084107.jpg,0,0,,
53,,,1,media/other/17909992057138773.jpg,0,0,,
54,,,1,media/other/17922127537101897.jpg,0,0,,
55,,,1,media/other/17934271042048382.jpg,0,0,,
56,,,1,media/other/17916934777124784.jpg,0,0,,
57,,,1,media/other/17903833231157136.jpg,0,0,,
58,,,1,media/other/17931952531008288.jpg,0,0,,
59,2018-03-19 12:24:24,1521429864,3,media/posts/201803/17905972849133002.jpg,13,1,#travel,"작년 두번째 중국방문 리허설과 촬영현장, 올해 함더 갈 예정~~지금은 스페인 마드리드! #travel"
60,,,1,media/other/17901679879161376.jpg,0,0,,
61,,,1,media/other/17901428554167116.jpg,0,0,,
62,,,1,media/other/17916434446115954.jpg,0,0,,
63,,,1,media/other/17868683842217043.jpg,0,0,,
64,,,1,media/other/17897162524171041.jpg,0,0,,
65,,,1,media/other/17913402679127330.jpg,0,0,,
66,,,1,media/other/17900201686180441.jpg,0,0,,
67,,,1,media/other/17927419321043706.jpg,0,0,,
68,,,1,media/other/17912891779098370.jpg,0,0,,
69,,,1,media/other/17919926089069002.jpg,0,0,,
70,,,1,media/other/17920385209070609.jpg,0,0,,
71,,,1,media/other/17909704294121005.jpg,0,0,,
72,2018-02-13 17:38:11,1518511091,2,media/posts/201802/17919414565066658.mp4,200,0,,"w/@stiftungvalentina.de
Das Benefizkonzert des Münchner Knabenchors und der (jugendlichen) Pianisten Levent Geiger und Ilia Antoniadis am 21.05.2017 im Sophiensaal in München trug den Titel „Kinder musizieren für Kinder“ und war ein voller Erfolg. Bei ausverkauftem Haus applaudierte das Publikum immer wieder so nachhaltig, dass der geplante Zeitrahmen von 90 Minuten auf über zwei Stunden expandierte.

Das Programm war bunt zusammengestellt – von Klassik bis Moderne. Es waren auch viele Kinder gekomme; sie staunten die ganze Zeit, ohne unruhig zu werden. Alle hatten das Gefühl, dass Valentina ganz präsent war.

Einige Highlights: wegen des Logos der Stiftung Valentina begann der Chor mit „Mein kleiner grüner Kaktus“ von den Comedian Harmonists. Die Pianisten hatten das Stück „La Vida Breve“ (Das kurze Leben) von Manuel de Falla ausgesucht und Valentina gewidmet.

Als „Welturaufführung“ führte der Chor dann das „Blutkonzert“ dreistimmig mit Klavierbgleitung auf. Valentina hatte 2012 im Alter von acht Jahren einen Gedichtwettbewerb bei BR4 Klassik DoReMikro gewonnen, und der Komponist Rainer Bartesch hatte es speziell für diese Besetzung an diesem Abend vertont.

Eine von mehreren Zugaben war dann noch einmal der kleine grüne Kaktus. Anschließend erhielten alle Akteure einen kleinen grünen Kaktus mit einem Marienkäfer und einem kleinen Liedspruch."
73,,,1,media/other/17922137731070978.jpg,0,0,,
74,,,1,media/other/17849318020243306.jpg,0,0,,
75,,,1,media/other/17922073813030738.jpg,0,0,,
76,,,1,media/other/17898142156132224.jpg,0,0,,
77,,,1,media/other/17862387181212519.jpg,0,0,,
78,,,1,media/other/17892724027155950.jpg,0,0,,
79,,,1,media/other/17894205400187190.jpg,0,0,,
80,,,1,media/other/17919120580005220.jpg,0,0,,
81,,,1,media/other/17893543420133257.jpg,0,0,,
82,,,1,media/other/17918076358041367.jpg,0,0,,
83,2018-01-10 05:26:37,1515529597,3,media/posts/201801/17912362837066238.jpg,86,0,,"Eine bewegende Woche... viel Musik, eine volles Haus in der schönen Kirche St. Peter in München, 11 ausverkaufte Konzerte in Bad Hindelang, und parallel zu unserer letzten Weihnachtsoper singt der Konzertchor unter der Leitung von Kilian Schülen, der sein erstes Konzert im Schloss Blutenburg vor dem Chor als Dirigent und nicht im Chor als Sänger erlebte. Unsere Fotos zeigen einen Blick in die Kirche St. Peter in München, unser tolles Orchester in Bad Hindelang und ein schickes Auto... man beachte den Aufkleber links... (12.12.2017)"
84,,,1,media/other/17843446105240729.jpg,0,0,,
85,,,1,media/other/17843746501231730.mp4,0,0,,
86,,,1,media/other/17915514196018551.jpg,0,0,,
87,,,1,media/other/17892726778138952.jpg,0,0,,
88,,,1,media/other/17891726143131903.jpg,0,0,,
89,,,1,media/other/17908273963075513.mp4,0,0,,
90,,,1,media/other/17890867381135455.jpg,0,0,,
91,,,1,media/other/17915816152029242.jpg,0,0,,
92,,,1,media/other/17906241313079827.jpg,0,0,,
93,,,1,media/other/17900956954114424.jpg,0,0,,
94,2017-12-21 21:22:09,1513858929,2,media/posts/201712/17890050049143763.jpg,54,0,,"After two performances with the Kammerspielen it went back on Sunday. As soon as we arrive, we will continue with preparations for the Magic Flute and 2 mixed-program concerts in München-Mittersendling and Schrobenhausen next weekend. And our guest as a the Bayerischer Rundfunk has visited  for today's rehearsal.
(10.11.2017)"
95,,,1,media/other/17884296466170164.jpg,0,0,,
96,,,1,media/other/17911843120056338.jpg,0,0,,
97,,,1,media/other/17897781787123447.jpg,0,0,,
98,,,1,media/other/17887042525178796.jpg,0,0,,
99,2017-12-10 22:56:27,1512914187,3,media/posts/201712/17912004658038847.mp4,136,0,,"Q1. Introduce yourself briefly.
Justus Scheffler : Hello, my name is Justus and I’m 12years-old. I live in a village where the Olympic athletes lived back in 1972 during the Olympic, and I like to play basketball.

Q2. What was the most funny thing in your life?
Justus Scheffler : The best experience I had in my life is flying on a sail-plane with my grandfather. It was so thrilling.

Q3. What is your favorite song, and Why?
Justus Scheffler : My favourite songs are “Candyland” and “Money Money”, because they are really fast and cool!

Q4. How do you feel about coming to Korea for the first time?
Justus Scheffler : I’ve never been to any other countries outside of Europe, so I’m very excited to visit Korea.
.
.
.
< Before the Korea tour in 2016. >"
100,,,1,media/other/17854678690204449.jpg,0,0,,
101,,,1,media/other/17881937563168623.jpg,0,0,,
102,,,1,media/other/17898139696115763.jpg,0,0,,
103,,,1,media/other/17885161165157300.mp4,0,0,,
104,,,1,media/other/17870834596198481.jpg,0,0,,
105,,,1,media/other/17910826231035813.jpg,0,0,,
106,,,1,media/other/17910921157061651.jpg,0,0,,
107,,,1,media/other/17905998421064400.jpg,0,0,,
108,,,1,media/other/17893373581081916.jpg,0,0,,
109,,,1,media/other/17897072239103505.mp4,0,0,,
110,,,1,media/other/17882515927167340.mp4,0,0,,
111,,,1,media/other/17883358366183586.jpg,0,0,,
112,,,1,media/other/17908714528053482.jpg,0,0,,
113,,,1,media/other/17908504660002748.mp4,0,0,,
114,,,1,media/other/17881182922182638.jpg,0,0,,
115,,,1,media/other/17890909207089446.jpg,0,0,,
116,,,1,media/other/17908845364002611.jpg,0,0,,
117,,,1,media/other/17907163420036963.jpg,0,0,,
118,,,1,media/other/17906969458058962.mp4,0,0,,
119,2017-11-06 13:28:46,1509942526,5,media/posts/201711/17905877977056931.jpg,28,0,,"Probe für unser Konzert, ""Messa die Gloria"" von G. Rossini, am Freitag, 3.11. 20.00 Uhr in der Allerheiligen Hofkirche in München. Wir freuen uns auf Euch..."
120,,,1,media/other/17906247694015438.jpg,0,0,,
121,2017-11-04 03:56:29,1509735389,2,media/posts/201711/17847074476208787.jpg,166,1,#🇩🇪d-day,"Normcore Ballsaal mit dem Münchner Knabenchor.
-GIESCHEAND
.
Sa, 04.11.2017 um 19:00 - 22:00 Uhr

So, 05.11.2017 17:00 - 20:00 Uhr

Get your tickets now! #🇩🇪D-day are today and tomorrow
Link in bio!!
.
.
.
In Shape sein zu wollen ist die Norm. Bestseller-Fitness-Apps wie »Freeletics« oder »Runtastic« versprechen Muskelaufbau inklusive umfassender Glücksgefühle. In den Tempeln des Self-Improvement, der Fitness und des Self-Care ist offenkundig, worum es sozial geht: Es wird vorgeführt, nachgeahmt, mit Blicken geliked, gedisst, kontaktet und anschließend gepostet, abermals verglichen, also erneut geliked und gedisst – instagramisiert. Längst sind nicht mehr nur die Körper von Frauen Kulturobjekt; auch die jungen, hetero- wie homosexuellen Männer haben mittlerweile das Body-Shaming für sich entdeckt. Was gilt nun als männlich und was als zu skinny oder boyish? Was wird als schwächlich und was als verweiblicht diskreditiert?
Let’s work it out boys: Hypermasculinity!

Regie: Alexander Giesche
Kostüme: Veronika Schneider
Dramaturgie: Benjamin von Blomberg
Produktionsleitung: Hannah Saar
Regieassistenz: Juliane Hahn"
122,,,1,media/other/17847104626215298.jpg,0,0,,
123,,,1,media/other/17892016900122295.jpg,0,0,,
124,,,1,media/other/17904849220054186.jpg,0,0,,
125,,,1,media/other/17905457824011272.jpg,0,0,,
126,,,1,media/other/17880421156187404.jpg,0,0,,
127,,,1,media/other/17906176441043546.jpg,0,0,,
128,,,1,media/other/17877949231162800.jpg,0,0,,
129,,,1,media/posts/201710/17904056980053843.jpg,0,0,,
130,,,1,media/posts/201710/17904848896007334.jpg,0,0,,
131,,,1,media/posts/201710/17881186636142431.jpg,0,0,,
132,,,1,media/posts/201710/17887449460095016.jpg,0,0,,
133,,,1,media/posts/201710/17897494480070671.mp4,0,0,,
134,,,1,media/posts/201710/17845808074205042.jpg,0,0,,
135,,,1,media/posts/201707/17865853966137177.jpg,0,0,,
136,,,1,media/posts/201707/17877895996077978.jpg,0,0,,
137,,,1,media/posts/201707/17886402151029850.jpg,0,0,,
138,,,1,media/posts/201706/17877549229078450.jpg,0,0,,
139,,,1,media/posts/201706/17886363583030694.jpg,0,0,,
140,,,1,media/posts/201706/17891894923007744.jpg,0,0,,
141,,,1,media/posts/201706/17860272655175200.jpg,0,0,,
142,,,1,media/posts/201706/17860096345172186.jpg,0,0,,
143,,,1,media/posts/201706/17876762383072136.mp4,0,0,,
144,,,1,media/posts/201706/17885011861057778.jpg,0,0,,
145,,,1,media/posts/201706/17859815308189231.jpg,0,0,,
146,,,1,media/posts/201706/17859069136187881.jpg,0,0,,
147,,,1,media/posts/201706/17860511644152454.jpg,0,0,,
148,,,1,media/posts/201706/17844608944194096.mp4,0,0,,
149,,,1,media/posts/201706/17862524911142235.jpg,0,0,,
150,2017-06-17 13:50:44,1497675044,4,media/posts/201706/17858700445187400.jpg,38,0,,"""Am Ende bekamen alle Beteiligten als Dankeschön einen Kaktus mit Sprüchlein und Marienkäfer geschenkt. Hier die Dirigentin."" - Stiftung Valentina.

EN : As a little thank you, everyone involved received a little cactus with a songtext and a chocolate ladybird."
151,,,1,media/posts/201706/17859728983180859.jpg,0,0,,
152,,,1,media/posts/201706/17869992367090317.jpg,0,0,,
153,,,1,media/posts/201706/17869616371091061.jpg,0,0,,
154,,,1,media/posts/201706/17861819071137991.jpg,0,0,,
155,,,1,media/posts/201706/17861516056138465.jpg,0,0,,
156,,,1,media/posts/201706/17884101094063573.jpg,0,0,,
157,,,1,media/posts/201706/17869024348095065.jpg,0,0,,
158,,,1,media/posts/201706/17868889786092787.mp4,0,0,,
159,,,1,media/posts/201706/17857043656184218.jpg,0,0,,
160,,,1,media/posts/201706/17873514919073682.jpg,0,0,,
161,,,1,media/posts/201705/17881467058035670.jpg,0,0,,
162,,,1,media/posts/201705/17842671526199753.jpg,0,0,,
163,,,1,media/posts/201705/17860062358134995.mp4,0,0,,
164,,,1,media/posts/201705/17857239976160981.jpg,0,0,,
165,,,1,media/posts/201705/17882115628052141.jpg,0,0,,
166,,,1,media/posts/201705/17857045684179043.jpg,0,0,,
167,,,1,media/posts/201705/17856946507177627.jpg,0,0,,
168,,,1,media/posts/201705/17856137194192455.jpg,0,0,,
169,,,1,media/posts/201705/17858037016151661.jpg,0,0,,
170,,,1,media/posts/201705/17856208891185689.jpg,0,0,,
171,,,1,media/posts/201705/17869555363099389.mp4,0,0,,
172,,,1,media/posts/201705/17869367992112178.mp4,0,0,,
173,,,1,media/posts/201705/17869075834099041.jpg,0,0,,
174,,,1,media/posts/201705/17858854894134648.jpg,0,0,,
175,,,1,media/posts/201705/17867955115126963.jpg,0,0,,
176,,,1,media/posts/201705/17880597937045020.jpg,0,0,,
177,,,1,media/other/17866316605082185.mp4,0,0,,
178,,,1,media/other/17855842336164003.jpg,0,0,,
179,,,1,media/other/17855472367172774.jpg,0,0,,
180,,,1,media/other/17868461011110174.jpg,0,0,,
181,,,1,media/other/17868008488106880.jpg,0,0,,
182,,,1,media/other/17854698514186732.jpg,0,0,,
183,,,1,media/other/17865546319094486.jpg,0,0,,
184,,,1,media/other/17857510078131133.jpg,0,0,,
185,,,1,media/other/17857599220143306.jpg,0,0,,
186,,,1,media/other/17865259621082203.jpg,0,0,,
187,,,1,media/other/17870215375072022.jpg,0,0,,
188,,,1,media/other/17878162483062735.mp4,0,0,,
189,,,1,media/other/17878416490032842.jpg,0,0,,
190,,,1,media/other/17867352022099290.jpg,0,0,,
191,,,1,media/other/17872297897064556.mp4,0,0,,
192,,,1,media/other/17866244314120432.jpg,0,0,,
193,,,1,media/other/17866958992112404.jpg,0,0,,
194,,,1,media/other/17867044045097967.jpg,0,0,,
195,,,1,media/other/17853946162168856.jpg,0,0,,
196,,,1,media/other/17878595731058052.jpg,0,0,,
197,,,1,media/other/17878410409025686.jpg,0,0,,
198,,,1,media/other/17866815742108669.jpg,0,0,,
199,,,1,media/other/17853914839161979.jpg,0,0,,
200,,,1,media/other/17878114357024497.jpg,0,0,,
201,,,1,media/other/17877684766027610.jpg,0,0,,
202,,,1,media/other/17866359478108851.mp4,0,0,,
203,,,1,media/other/17866452889128687.jpg,0,0,,
204,,,1,media/other/17876597686058502.jpg,0,0,,
205,,,1,media/other/17855751679138643.jpg,0,0,,
206,,,1,media/other/17854508521147815.mp4,0,0,,
207,,,1,media/other/17876858206027938.jpg,0,0,,
208,,,1,media/other/17877064111051595.jpg,0,0,,
209,,,1,media/other/17878340881063352.mp4,0,0,,
210,,,1,media/other/17895674407000203.jpg,0,0,,
211,,,1,media/other/17855469076135728.jpg,0,0,,
212,,,1,media/other/17877373867000036.mp4,0,0,,
213,,,1,media/other/17863493551084397.jpg,0,0,,
214,,,1,media/other/17867287510074646.jpg,0,0,,
215,,,1,media/other/17870504053071439.mp4,0,0,,
216,,,1,media/other/17853348685158807.jpg,0,0,,
217,,,1,media/other/17852553337181271.jpg,0,0,,
218,,,1,media/other/17875504849005918.mp4,0,0,,
219,,,1,media/other/17852260180190412.jpg,0,0,,
220,,,1,media/other/17862799048080054.jpg,0,0,,
221,,,1,media/other/17875888471012578.mp4,0,0,,
222,,,1,media/other/17852100952181999.jpg,0,0,,
223,,,1,media/other/17862854653080727.jpg,0,0,,
224,2017-03-25 13:28:47,1490416127,3,media/posts/201703/17877352606054639.jpg,89,0,,"Die Oper Florenz engagiert für ihre Zauberflöten-Produktion die „Drei Knaben“ des MÜNCHNER KNABENCHORES

Von Mitte bis Ende März sind unsere Solisten zu den Inszenierungsproben und den anschließenden sechs Vorstellungen in das 2011 unter dem Generaldirektor Zubin Metha eingeweihte und erst 2015 komplett fertiggestellte Opernhaus eingeladen.

Datum
Do, 23. März 2017
20.00 Uhr

Fr, 24. März 2017
20.00 Uhr

Sa, 25. März 2017
20.00 Uhr

So, 26. März 2017
15.30 Uhr

Di, 28. März 2017
20.00 Uhr

Mi, 29. März 2017
20.00 Uhr"
225,,,1,media/other/17875746007007601.mp4,0,0,,
226,,,1,media/other/17851774525174421.jpg,0,0,,
227,,,1,media/other/17851733584171056.jpg,0,0,,
228,,,1,media/other/17862491224094420.jpg,0,0,,
229,,,1,media/other/17866509421077283.jpg,0,0,,
230,,,1,media/other/17875339438041378.jpg,0,0,,
231,,,1,media/other/17854146730135606.mp4,0,0,,
232,,,1,media/other/17851364119184861.jpg,0,0,,
233,,,1,media/other/17874637204041130.jpg,0,0,,
234,,,1,media/other/17855079625137257.mp4,0,0,,
235,,,1,media/other/17866211635078865.jpg,0,0,,
236,,,1,media/other/17851268236193143.jpg,0,0,,
237,,,1,media/other/17874174679041987.jpg,0,0,,
238,,,1,media/other/17861699365084113.jpg,0,0,,
239,,,1,media/other/17868644425071010.jpg,0,0,,
240,,,1,media/other/17861597452093538.jpg,0,0,,
241,,,1,media/other/17851947592147513.jpg,0,0,,
242,,,1,media/other/17863271089104434.jpg,0,0,,
243,,,1,media/other/17852874610136807.mp4,0,0,,
244,,,1,media/other/17863147420107861.jpg,0,0,,
245,,,1,media/other/17850505060164771.jpg,0,0,,
246,,,1,media/other/17862475600126370.jpg,0,0,,
247,,,1,media/other/17850117946187112.jpg,0,0,,
248,,,1,media/other/17862256603126658.jpg,0,0,,
249,,,1,media/other/17874404320021134.jpg,0,0,,
250,,,1,media/other/17852214004142334.jpg,0,0,,
251,,,1,media/other/17864750362078935.jpg,0,0,,
252,,,1,media/other/17873368936010971.mp4,0,0,,
253,,,1,media/other/17862219451104567.jpg,0,0,,
254,,,1,media/other/17849880646160065.jpg,0,0,,
255,,,1,media/other/17872953664008960.jpg,0,0,,
256,,,1,media/other/17861873350129171.jpg,0,0,,
257,,,1,media/other/17851852576135868.jpg,0,0,,
258,,,1,media/other/17860035844090899.jpg,0,0,,
259,,,1,media/other/17861710150103587.jpg,0,0,,
260,,,1,media/other/17872877791035204.jpg,0,0,,
261,,,1,media/other/17871410455024358.mp4,0,0,,
262,,,1,media/other/17849163436177661.jpg,0,0,,
263,,,1,media/other/17861341015097464.jpg,0,0,,
264,,,1,media/other/17859375466088412.jpg,0,0,,
265,,,1,media/other/17872195003020514.jpg,0,0,,
266,,,1,media/other/17865374941068798.jpg,0,0,,
267,,,1,media/other/17859348343090290.jpg,0,0,,
268,,,1,media/other/17865640651070818.jpg,0,0,,
269,,,1,media/other/17863124563072566.jpg,0,0,,
270,,,1,media/other/17860906321109744.mp4,0,0,,
271,,,1,media/other/17858810059080870.jpg,0,0,,
272,,,1,media/other/17871235984010322.jpg,0,0,,
273,,,1,media/other/17860431757116639.jpg,0,0,,
274,,,1,media/other/17871078196045705.jpg,0,0,,
275,,,1,media/other/17848198789181358.jpg,0,0,,
276,,,1,media/other/17864364532069018.jpg,0,0,,
277,,,1,media/other/17870457358045574.jpg,0,0,,
278,,,1,media/other/17870739883062992.jpg,0,0,,
279,,,1,media/other/17847929395178354.mp4,0,0,,
280,,,1,media/other/17849842666132598.jpg,0,0,,
281,,,1,media/other/17860986115101519.jpg,0,0,,
282,,,1,media/other/17870529328054939.jpg,0,0,,
283,,,1,media/other/17870741980008421.jpg,0,0,,
284,,,1,media/other/17870549977036408.jpg,0,0,,
285,,,1,media/other/17847865696151431.jpg,0,0,,
286,,,1,media/other/17847489634156314.jpg,0,0,,
287,,,1,media/other/17857847836085614.jpg,0,0,,
288,,,1,media/other/17870528179049297.jpg,0,0,,
289,,,1,media/other/17847290113161132.jpg,0,0,,
290,,,1,media/other/17847113815169615.jpg,0,0,,
291,,,1,media/other/17864214637067058.jpg,0,0,,
292,,,1,media/other/17846925562180336.jpg,0,0,,
293,,,1,media/other/17870291890038520.jpg,0,0,,
294,,,1,media/other/17858863432106429.jpg,0,0,,
295,,,1,media/other/17869297699038357.jpg,0,0,,
296,,,1,media/other/17868604834037321.jpg,0,0,,
297,,,1,media/other/17858242138115758.jpg,0,0,,
298,,,1,media/other/17846676163145241.mp4,0,0,,
299,,,1,media/other/17857767136122544.jpg,0,0,,
300,,,1,media/other/17846532052168241.jpg,0,0,,
301,,,1,media/other/17868865111062188.jpg,0,0,,
302,,,1,media/other/17846434552145930.jpg,0,0,,
303,,,1,media/other/17869840672061129.jpg,0,0,,
304,,,1,media/other/17860084879079781.jpg,0,0,,
305,,,1,media/other/17870072161047345.jpg,0,0,,
306,,,1,media/other/17857755604116262.jpg,0,0,,
307,,,1,media/other/17857738018103037.jpg,0,0,,
308,,,1,media/other/17846012239167923.jpg,0,0,,
309,,,1,media/other/17845986079153281.jpg,0,0,,
310,,,1,media/other/17857327633119727.jpg,0,0,,
311,,,1,media/other/17867223592036516.jpg,0,0,,
312,,,1,media/other/17870388844007377.jpg,0,0,,
313,,,1,media/other/17866708486040347.jpg,0,0,,
314,,,1,media/other/17856797203100919.jpg,0,0,,
315,,,1,media/other/17856299413124974.jpg,0,0,,
316,,,1,media/other/17855453119081948.jpg,0,0,,
317,,,1,media/other/17867027992024935.jpg,0,0,,
318,,,1,media/other/17860523848064698.jpg,0,0,,
319,,,1,media/other/17855270488088286.jpg,0,0,,
320,,,1,media/other/17845087420181330.jpg,0,0,,
321,,,1,media/other/17856546115103298.jpg,0,0,,
322,,,1,media/other/17845011961150291.jpg,0,0,,
323,,,1,media/other/17845489069141753.jpg,0,0,,
324,,,1,media/other/17844964879191516.jpg,0,0,,
325,,,1,media/other/17866168987027943.jpg,0,0,,
326,,,1,media/other/17844835558179648.jpg,0,0,,
327,,,1,media/other/17867027206030786.jpg,0,0,,
328,,,1,media/other/17844807886189713.jpg,0,0,,
329,,,1,media/other/17844729328180307.jpg,0,0,,
330,,,1,media/other/17855890312128348.jpg,0,0,,
331,,,1,media/other/17866159996053362.jpg,0,0,,
332,,,1,media/other/17844623572188049.jpg,0,0,,
333,,,1,media/other/17854775722087924.jpg,0,0,,
334,,,1,media/other/17857154827078802.jpg,0,0,,
335,,,1,media/other/17854586521085437.jpg,0,0,,
336,,,1,media/other/17865135982063113.jpg,0,0,,
337,,,1,media/other/17854529836088440.jpg,0,0,,
338,,,1,media/other/17844339373178658.jpg,0,0,,
339,,,1,media/other/17844379849172311.jpg,0,0,,
340,,,1,media/other/17855482873109662.mp4,0,0,,
341,,,1,media/other/17865092968010279.jpg,0,0,,
342,,,1,media/other/17865075298012519.jpg,0,0,,
343,,,1,media/other/17843952829187243.jpg,0,0,,
344,,,1,media/other/17854846723128770.jpg,0,0,,
345,,,1,media/other/17865397189045223.jpg,0,0,,
346,,,1,media/other/17844069334175170.jpg,0,0,,
347,,,1,media/other/17854672465128607.jpg,0,0,,
348,,,1,media/other/17844831445130721.jpg,0,0,,
349,,,1,media/other/17843938825165285.jpg,0,0,,
350,,,1,media/other/17854824613109634.jpg,0,0,,
351,,,1,media/other/17854477831126503.jpg,0,0,,
352,,,1,media/other/17854763344096903.jpg,0,0,,
353,,,1,media/other/17843738080161663.jpg,0,0,,
354,,,1,media/other/17843690542167139.jpg,0,0,,
355,,,1,media/other/17854452418119911.jpg,0,0,,
356,,,1,media/other/17865112936041957.jpg,0,0,,
357,,,1,media/other/17843620573144884.jpg,0,0,,
358,,,1,media/other/17854388125117878.jpg,0,0,,
359,,,1,media/other/17843618341191324.jpg,0,0,,
360,,,1,media/other/17864068618005073.jpg,0,0,,
361,,,1,media/other/17863378753029965.jpg,0,0,,
362,,,1,media/other/17864596201050046.jpg,0,0,,
363,,,1,media/other/17853948823126344.jpg,0,0,,
364,,,1,media/other/17843525347142748.jpg,0,0,,
365,,,1,media/other/17843492641173127.jpg,0,0,,
366,,,1,media/other/17863922002047772.jpg,0,0,,
367,,,1,media/other/17868217906048296.jpg,0,0,,
368,,,1,media/other/17854236061106510.jpg,0,0,,
369,,,1,media/other/17843462305191562.jpg,0,0,,
370,,,1,media/other/17843456104157253.jpg,0,0,,
371,,,1,media/other/17843494507159877.jpg,0,0,,
372,,,1,media/other/17843392057179899.jpg,0,0,,
373,,,1,media/other/17853119473080644.mp4,0,0,,
374,,,1,media/other/17863801579000988.jpg,0,0,,
375,,,1,media/other/17863463053003476.jpg,0,0,,
376,,,1,media/other/17863844641009492.mp4,0,0,,
377,,,1,media/other/17843231413168821.jpg,0,0,,
378,,,1,media/other/17853660187102152.jpg,0,0,,
379,,,1,media/other/17863632604027569.jpg,0,0,,
380,,,1,media/other/17863712257017431.jpg,0,0,,
381,,,1,media/other/17843086393147811.jpg,0,0,,
382,,,1,media/other/17852985373086337.jpg,0,0,,
383,,,1,media/other/17843020852165692.jpg,0,0,,
384,,,1,media/other/17842999972178321.jpg,0,0,,
385,,,1,media/other/17856836122069519.jpg,0,0,,
386,,,1,media/other/17853334795109704.jpg,0,0,,
387,,,1,media/other/17854424917079502.jpg,0,0,,
388,,,1,media/other/17853218158112227.jpg,0,0,,
389,,,1,media/other/17842858039142878.jpg,0,0,,
390,,,1,media/other/17843127130133507.jpg,0,0,,
391,,,1,media/other/17842782313171619.jpg,0,0,,
392,,,1,media/other/17863076341063034.jpg,0,0,,
393,,,1,media/other/17862704026037779.jpg,0,0,,
394,,,1,media/other/17862844684052506.jpg,0,0,,
395,,,1,media/other/17842513279138844.jpg,0,0,,
396,,,1,media/other/17861597194027505.mp4,0,0,,
397,,,1,media/other/17852783518103107.jpg,0,0,,
398,,,1,media/other/17842442017144247.jpg,0,0,,
399,,,1,media/other/17861967439025011.jpg,0,0,,
400,,,1,media/other/17852200531122631.jpg,0,0,,
401,,,1,media/other/17861986828008842.jpg,0,0,,
402,,,1,media/other/17855804203064153.jpg,0,0,,
403,,,1,media/other/17862877843042489.jpg,0,0,,
404,,,1,media/other/17851959742095590.jpg,0,0,,
405,,,1,media/other/17842212667151432.jpg,0,0,,
406,,,1,media/other/17842206517144364.mp4,0,0,,
407,,,1,media/other/17861173573023740.jpg,0,0,,
408,,,1,media/other/17842127140159076.jpg,0,0,,
409,,,1,media/other/17853005650079751.jpg,0,0,,
410,,,1,media/other/17842059604153566.jpg,0,0,,
411,,,1,media/other/17842050361193906.jpg,0,0,,
412,,,1,media/other/17851973452110126.jpg,0,0,,
413,,,1,media/other/17861831857015974.jpg,0,0,,
414,,,1,media/other/17861053711063265.jpg,0,0,,
415,,,1,media/other/17851535296124623.jpg,0,0,,
416,,,1,media/other/17861874853021660.mp4,0,0,,
417,,,1,media/other/17862112288017494.jpg,0,0,,
418,,,1,media/other/17861099482001419.jpg,0,0,,
419,,,1,media/other/17860438693055017.jpg,0,0,,
420,,,1,media/other/17861073277020095.jpg,0,0,,
421,,,1,media/other/17851173517122139.jpg,0,0,,
422,,,1,media/other/17860893469019858.jpg,0,0,,
423,,,1,media/other/17861777248008262.jpg,0,0,,
424,,,1,media/other/17851446682096032.jpg,0,0,,
425,,,1,media/other/17861954437017231.jpg,0,0,,
426,,,1,media/other/17851277410117335.jpg,0,0,,
427,,,1,media/other/17862322147025933.jpg,0,0,,
428,,,1,media/other/17861044216000738.jpg,0,0,,
429,,,1,media/other/17861419690027152.jpg,0,0,,
430,,,1,media/other/17851266055103088.jpg,0,0,,
431,,,1,media/other/17850792367087111.jpg,0,0,,
432,,,1,media/other/17861062042041445.jpg,0,0,,
433,,,1,media/other/17850802819089503.jpg,0,0,,
434,,,1,media/other/17851903174076629.jpg,0,0,,
435,,,1,media/other/17860283371027475.jpg,0,0,,
436,,,1,media/other/17850836065123776.jpg,0,0,,
437,,,1,media/other/17859869527014624.jpg,0,0,,
438,,,1,media/other/17851646104073391.jpg,0,0,,
439,,,1,media/other/17850546373094603.jpg,0,0,,
440,,,1,media/other/17860037308045084.jpg,0,0,,
441,,,1,media/other/17854177939066331.jpg,0,0,,
442,,,1,media/other/17850775948107712.jpg,0,0,,
443,,,1,media/other/17861089756026538.jpg,0,0,,
444,,,1,media/other/17860725982030504.jpg,0,0,,
445,,,1,media/other/17860010716019121.jpg,0,0,,
446,,,1,media/other/17860915075018805.jpg,0,0,,
447,,,1,media/other/17851534429073838.jpg,0,0,,
448,,,1,media/other/17867768629036136.jpg,0,0,,
449,,,1,media/other/17853983296069578.jpg,0,0,,
450,,,1,media/other/17860502440010023.jpg,0,0,,
451,,,1,media/other/17861142808053019.jpg,0,0,,
452,,,1,media/other/17860406569020084.jpg,0,0,,
453,,,1,media/other/17850363712086475.mp4,0,0,,
454,,,1,media/other/17860418461014137.mp4,0,0,,
455,,,1,media/other/17850480166109747.jpg,0,0,,
456,,,1,media/other/17859442435032365.jpg,0,0,,
457,,,1,media/other/17860854061041068.jpg,0,0,,
458,,,1,media/other/17850540811101542.jpg,0,0,,
459,,,1,media/other/17850413110117977.jpg,0,0,,
460,,,1,media/other/17860280848025953.jpg,0,0,,
461,,,1,media/other/17860171822051275.jpg,0,0,,
462,,,1,media/other/17850271765080031.jpg,0,0,,
463,,,1,media/other/17850403735119858.mp4,0,0,,
464,,,1,media/other/17851442356079527.jpg,0,0,,
465,,,1,media/other/17850175192082911.jpg,0,0,,
466,,,1,media/other/17850210241092749.jpg,0,0,,
467,,,1,media/other/17859756826052780.jpg,0,0,,
468,,,1,media/other/17861634301055617.jpg,0,0,,
469,,,1,media/other/17859959431024446.jpg,0,0,,
470,,,1,media/other/17850455512086599.jpg,0,0,,
471,,,1,media/other/17850176833087510.jpg,0,0,,
472,,,1,media/other/17859355642031116.jpg,0,0,,
473,,,1,media/other/17859305266015399.jpg,0,0,,
474,,,1,media/other/17852974681066436.jpg,0,0,,
475,,,1,media/other/17859106180041335.jpg,0,0,,
476,,,1,media/other/17851115857073283.jpg,0,0,,
477,,,1,media/other/17849793940122762.jpg,0,0,,
478,,,1,media/other/17849955643104151.jpg,0,0,,
479,,,1,media/other/17850735433077169.jpg,0,0,,
480,,,1,media/other/17858897617039212.jpg,0,0,,
481,,,1,media/other/17858594131049684.jpg,0,0,,
482,,,1,media/other/17849852863127424.jpg,0,0,,
483,,,1,media/other/17849900218115023.jpg,0,0,,
484,,,1,media/other/17849972665106755.jpg,0,0,,
485,,,1,media/other/17849830195117688.jpg,0,0,,
486,,,1,media/other/17852737717068678.jpg,0,0,,
487,,,1,media/other/17852799838071569.jpg,0,0,,
488,,,1,media/other/17849705419118540.jpg,0,0,,
489,,,1,media/other/17849758804113412.jpg,0,0,,
490,,,1,media/other/17858714839046385.mp4,0,0,,
491,,,1,media/other/17858962069052419.jpg,0,0,,
492,,,1,media/other/17858673757025947.jpg,0,0,,
493,,,1,media/other/17859284896034470.jpg,0,0,,
494,,,1,media/other/17849607061103475.jpg,0,0,,
495,,,1,media/other/17849492599080470.jpg,0,0,,
496,,,1,media/other/17849463280088305.jpg,0,0,,
497,,,1,media/other/17849867725083831.jpg,0,0,,
498,,,1,media/other/17858622085062595.jpg,0,0,,
499,,,1,media/other/17849489269099324.jpg,0,0,,
500,,,1,media/other/17858926366051172.jpg,0,0,,
501,,,1,media/other/17849513776118763.jpg,0,0,,
502,,,1,media/other/17848682572078932.jpg,0,0,,
503,,,1,media/other/17857351756030841.jpg,0,0,,
504,,,1,media/other/17847951640083893.jpg,0,0,,
505,,,1,media/other/17856822562020533.jpg,0,0,,
506,,,1,media/other/17857914325011071.jpg,0,0,,
507,,,1,media/other/17856917743031388.jpg,0,0,,
508,,,1,media/other/17847134623100152.jpg,0,0,,
509,,,1,media/other/17847079336119659.jpg,0,0,,
510,,,1,media/other/17848152016078346.jpg,0,0,,
511,,,1,media/other/17857118050036617.jpg,0,0,,
512,,,1,media/other/17847901828075124.jpg,0,0,,
513,,,1,media/other/17856658819033797.jpg,0,0,,
514,,,1,media/other/17847139135127418.mp4,0,0,,
515,,,1,media/other/17847119041092592.jpg,0,0,,
516,,,1,media/other/17850075736071069.mp4,0,0,,
517,,,1,media/other/17847008980114008.jpg,0,0,,
518,,,1,media/other/17855729221017837.jpg,0,0,,
519,,,1,media/other/17846975836126979.jpg,0,0,,
520,,,1,media/other/17846934460107809.jpg,0,0,,
521,,,1,media/other/17857524883046152.jpg,0,0,,
522,,,1,media/other/17847115756101650.jpg,0,0,,
523,,,1,media/other/17856414346053568.mp4,0,0,,
524,,,1,media/other/17856442711059513.mp4,0,0,,
525,,,1,media/other/17856524815051922.jpg,0,0,,
526,,,1,media/other/17847013180101788.jpg,0,0,,
527,,,1,media/other/17847168367098665.jpg,0,0,,
528,,,1,media/other/17846913049085497.jpg,0,0,,
